dim,budget,cp,power,alpha,exact,within1,mean_regret,median_regret
20,100,0.01,1.0,0.0,49,50,4.071934310300757e-05,0.0
20,100,0.01,1.0,0.25,49,50,2.260933262558329e-05,0.0
20,100,0.01,1.0,0.5,47,48,0.00024759365437109973,0.0
20,100,0.01,1.0,1.0,40,41,0.0032848520512909936,0.0
20,100,0.01,1.5,0.0,48,48,8.86988069391429e-05,0.0
20,100,0.01,1.5,0.25,47,49,0.00014194288262953464,0.0
20,100,0.01,1.5,0.5,44,44,0.0004808772887202824,0.0
20,100,0.01,1.5,1.0,36,39,0.004247379813541709,0.0
20,100,0.01,2.0,0.0,45,47,0.0002073497204165707,0.0
20,100,0.01,2.0,0.25,48,49,0.0002520712874708081,0.0
20,100,0.01,2.0,0.5,46,46,0.00048204151529823795,0.0
20,100,0.01,2.0,1.0,34,41,0.003570144498260244,0.0
20,100,0.01,3.0,0.0,47,49,9.520193060814481e-05,0.0
20,100,0.01,3.0,0.25,45,46,0.00012874138861613225,0.0
20,100,0.01,3.0,0.5,42,43,0.0009663706539228068,0.0
20,100,0.01,3.0,1.0,33,33,0.005997232286607388,0.0
20,100,0.03,1.0,0.0,47,49,0.00017665343313750346,0.0
20,100,0.03,1.0,0.25,44,44,0.0007121830334741709,0.0
20,100,0.03,1.0,0.5,39,39,0.002321361119217988,0.0
20,100,0.03,1.0,1.0,19,19,0.03894371629227845,0.013557822628011942
20,100,0.03,1.5,0.0,42,44,0.0012090665238176199,0.0
20,100,0.03,1.5,0.25,39,40,0.0013486914443854184,0.0
20,100,0.03,1.5,0.5,35,36,0.0044158149535398926,0.0
20,100,0.03,1.5,1.0,25,28,0.024201298117365152,0.0009352724872592685
20,100,0.03,2.0,0.0,48,49,6.589569338501391e-05,0.0
20,100,0.03,2.0,0.25,39,41,0.0019292430482553615,0.0
20,100,0.03,2.0,0.5,35,39,0.004378049507747717,0.0
20,100,0.03,2.0,1.0,13,18,0.03919111942604611,0.01812435407860613
20,100,0.03,3.0,0.0,46,48,0.00033083177748789787,0.0
20,100,0.03,3.0,0.25,42,43,0.0017357376142513314,0.0
20,100,0.03,3.0,0.5,31,33,0.005938625450259436,0.0
20,100,0.03,3.0,1.0,12,17,0.043368354548060914,0.03970294457339557
20,100,0.05,1.0,0.0,46,46,0.0002719333567923187,0.0
20,100,0.05,1.0,0.25,44,44,0.000492637982146699,0.0
20,100,0.05,1.0,0.5,36,38,0.004512183249475743,0.0
20,100,0.05,1.0,1.0,19,19,0.045250547150235416,0.02688513448518129
20,100,0.05,1.5,0.0,43,45,0.0007505502311101239,0.0
20,100,0.05,1.5,0.25,40,40,0.002055081532147944,0.0
20,100,0.05,1.5,0.5,29,31,0.009396467425307954,0.0
20,100,0.05,1.5,1.0,13,19,0.05783121630010232,0.0370385642407014
20,100,0.05,2.0,0.0,42,42,0.0009376129596220785,0.0
20,100,0.05,2.0,0.25,38,38,0.0029418021033262376,0.0
20,100,0.05,2.0,0.5,29,31,0.010785256676498968,0.0
20,100,0.05,2.0,1.0,1,1,0.1085543540897477,0.10527635305910865
20,100,0.05,3.0,0.0,39,42,0.0012068905352341588,0.0
20,100,0.05,3.0,0.25,34,34,0.005648341468636654,0.0
20,100,0.05,3.0,0.5,31,34,0.006985481009249047,0.0
20,100,0.05,3.0,1.0,2,2,0.13725496082719124,0.11789190529949353
20,100,0.1,1.0,0.0,36,37,0.0032787237558428084,0.0
20,100,0.1,1.0,0.25,19,21,0.020326265121954547,0.009334379898424333
20,100,0.1,1.0,0.5,23,24,0.03560459553531501,0.006648255826817712
20,100,0.1,1.0,1.0,1,1,0.39419138183899965,0.19574788152198241
20,100,0.1,1.5,0.0,37,37,0.001866786610513833,0.0
20,100,0.1,1.5,0.25,29,30,0.015987589980061993,0.0
20,100,0.1,1.5,0.5,20,22,0.03462378889933116,0.01568097472967032
20,100,0.1,1.5,1.0,0,0,0.2727711361714012,0.17871018867626237
20,100,0.1,2.0,0.0,33,33,0.004444723053591351,0.0
20,100,0.1,2.0,0.25,25,26,0.017569678760529953,0.00027987395877225596
20,100,0.1,2.0,0.5,17,19,0.05020005218166826,0.038867906857784115
20,100,0.1,2.0,1.0,0,0,0.26327421681977714,0.16597642411806018
20,100,0.1,3.0,0.0,33,35,0.006724590999594088,0.0
20,100,0.1,3.0,0.25,25,30,0.013418868820304764,0.0007382654944853243
20,100,0.1,3.0,0.5,7,12,0.048516708034217766,0.040347863265798006
20,100,0.1,3.0,1.0,3,3,0.20754979989882075,0.13088608096396148
20,100,0.2,1.0,0.0,27,29,0.009085757027025614,0.0
20,100,0.2,1.0,0.25,18,18,0.04329329033355794,0.017325398043575725
20,100,0.2,1.0,0.5,13,18,0.07193100509582986,0.05807367504459765
20,100,0.2,1.0,1.0,0,0,0.37475241746408655,0.21920269100982287
20,100,0.2,1.5,0.0,30,32,0.012956644402351074,0.0
20,100,0.2,1.5,0.25,21,23,0.03165810182660929,0.008839160271672492
20,100,0.2,1.5,0.5,2,4,0.1486916375067165,0.13850350780327325
20,100,0.2,1.5,1.0,0,0,0.49549963446273354,0.34236537351525465
20,100,0.2,2.0,0.0,30,30,0.020621803867506852,0.0
20,100,0.2,2.0,0.25,12,19,0.036168190677229844,0.023332972181026795
20,100,0.2,2.0,0.5,1,1,0.19191850601486454,0.1525064874039437
20,100,0.2,2.0,1.0,0,2,0.4045777440496802,0.22831062826964693
20,100,0.2,3.0,0.0,23,28,0.01689490688416923,0.0021561142176233505
20,100,0.2,3.0,0.25,3,5,0.07874072835658924,0.07535002551888455
20,100,0.2,3.0,0.5,2,3,0.12668156667537742,0.08884728260606145
20,100,0.2,3.0,1.0,0,0,0.307462773522486,0.17482187665681032
20,250,0.01,1.0,0.0,47,47,0.00010570405481370435,0.0
20,250,0.01,1.0,0.25,47,48,0.00018656732686909234,0.0
20,250,0.01,1.0,0.5,47,48,9.067816655452525e-05,0.0
20,250,0.01,1.0,1.0,40,41,0.0006075333270567358,0.0
20,250,0.01,1.5,0.0,44,45,0.0003617211238570913,0.0
20,250,0.01,1.5,0.25,47,49,0.0003200170790254194,0.0
20,250,0.01,1.5,0.5,43,44,0.0006254742740001409,0.0
20,250,0.01,1.5,1.0,44,46,0.0008452453184500148,0.0
20,250,0.01,2.0,0.0,44,46,0.00012024248571668061,0.0
20,250,0.01,2.0,0.25,48,48,2.2478069211968114e-05,0.0
20,250,0.01,2.0,0.5,45,46,0.0003108502314657272,0.0
20,250,0.01,2.0,1.0,44,44,0.0004611307384641299,0.0
20,250,0.01,3.0,0.0,45,48,4.556290888639247e-05,0.0
20,250,0.01,3.0,0.25,48,48,0.00021053140338685072,0.0
20,250,0.01,3.0,0.5,48,48,6.200582544543046e-05,0.0
20,250,0.01,3.0,1.0,42,44,0.0007810580908046812,0.0
20,250,0.03,1.0,0.0,48,49,9.63934776614303e-05,0.0
20,250,0.03,1.0,0.25,45,45,0.0006287533141160553,0.0
20,250,0.03,1.0,0.5,41,41,0.0012266159629346232,0.0
20,250,0.03,1.0,1.0,40,40,0.0029104963887460504,0.0
20,250,0.03,1.5,0.0,45,45,0.0003679995664374456,0.0
20,250,0.03,1.5,0.25,43,43,0.0006020994297059441,0.0
20,250,0.03,1.5,0.5,39,41,0.002045312416080116,0.0
20,250,0.03,1.5,1.0,32,33,0.006854542005562858,0.0
20,250,0.03,2.0,0.0,44,46,0.0006063653828077257,0.0
20,250,0.03,2.0,0.25,44,46,0.0005553123307172838,0.0
20,250,0.03,2.0,0.5,41,43,0.0013015735757142292,0.0
20,250,0.03,2.0,1.0,28,31,0.007426137374054962,0.0
20,250,0.03,3.0,0.0,46,48,0.0003377523920966458,0.0
20,250,0.03,3.0,0.25,40,43,0.0008042272581984138,0.0
20,250,0.03,3.0,0.5,35,37,0.0021141644924144946,0.0
20,250,0.03,3.0,1.0,28,29,0.010972632591660642,0.0
20,250,0.05,1.0,0.0,41,42,0.0009150434406951885,0.0
20,250,0.05,1.0,0.25,40,43,0.001665123337217512,0.0
20,250,0.05,1.0,0.5,40,41,0.00273901114939454,0.0
20,250,0.05,1.0,1.0,27,27,0.011160891113867217,0.0
20,250,0.05,1.5,0.0,36,38,0.001877073374582223,0.0
20,250,0.05,1.5,0.25,42,44,0.0013740405982448495,0.0
20,250,0.05,1.5,0.5,36,37,0.00408497673649852,0.0
20,250,0.05,1.5,1.0,24,26,0.01794246951231632,0.0039471402913939906
20,250,0.05,2.0,0.0,38,39,0.0011227153687823341,0.0
20,250,0.05,2.0,0.25,35,38,0.0025412593450931577,0.0
20,250,0.05,2.0,0.5,37,37,0.005373059029607608,0.0
20,250,0.05,2.0,1.0,25,28,0.018573190322505536,0.0001297163304556509
20,250,0.05,3.0,0.0,38,39,0.001480393213247564,0.0
20,250,0.05,3.0,0.25,39,41,0.0030197903264514254,0.0
20,250,0.05,3.0,0.5,36,37,0.004198790906628074,0.0
20,250,0.05,3.0,1.0,23,28,0.01955243924679395,0.002705521364254917
20,250,0.1,1.0,0.0,38,39,0.002329768326412984,0.0
20,250,0.1,1.0,0.25,35,35,0.005729421567429103,0.0
20,250,0.1,1.0,0.5,27,30,0.01667077930434236,0.0
20,250,0.1,1.0,1.0,23,25,0.02929517021517563,0.003740333370771544
20,250,0.1,1.5,0.0,39,40,0.0026173080808564804,0.0
20,250,0.1,1.5,0.25,26,27,0.013377957958415263,0.0
20,250,0.1,1.5,0.5,26,28,0.0181006235997188,0.0
20,250,0.1,1.5,1.0,14,16,0.047505656340651674,0.03354040150670903
20,250,0.1,2.0,0.0,33,35,0.004950059223704602,0.0
20,250,0.1,2.0,0.25,25,25,0.013988557051504355,0.00034769005669552273
20,250,0.1,2.0,0.5,25,25,0.021030670172232625,0.00027925386479304287
20,250,0.1,2.0,1.0,14,16,0.04740808283379929,0.03348733963231111
20,250,0.1,3.0,0.0,34,36,0.00412251982114794,0.0
20,250,0.1,3.0,0.25,27,29,0.011068090405401769,0.0
20,250,0.1,3.0,0.5,24,26,0.01602520975259919,0.005478861498190414
20,250,0.1,3.0,1.0,4,5,0.07652155348755016,0.060113479900160985
20,250,0.2,1.0,0.0,28,31,0.013737680504726298,0.0
20,250,0.2,1.0,0.25,23,24,0.026917753809769195,0.008594684239342855
20,250,0.2,1.0,0.5,22,22,0.04140768029766825,0.017073171339796217
20,250,0.2,1.0,1.0,0,1,0.36834501234637673,0.22780793499509214
20,250,0.2,1.5,0.0,24,24,0.021785413991246196,0.005704375765567975
20,250,0.2,1.5,0.25,23,23,0.02708344256053622,0.007249092717800557
20,250,0.2,1.5,0.5,13,16,0.05146211217509751,0.04303237367277579
20,250,0.2,1.5,1.0,0,0,0.2471938077137954,0.17156827756281456
20,250,0.2,2.0,0.0,24,24,0.016904801217499887,0.002180092099097185
20,250,0.2,2.0,0.25,23,23,0.03184195221165782,0.016000990675834426
20,250,0.2,2.0,0.5,9,13,0.06092589681711646,0.06590055085395186
20,250,0.2,2.0,1.0,3,3,0.24513442881905034,0.17229062970733486
20,250,0.2,3.0,0.0,28,30,0.0155533373233637,0.0
20,250,0.2,3.0,0.25,15,20,0.031145323968631997,0.0212176063079254
20,250,0.2,3.0,0.5,3,4,0.09364790995964967,0.08302260606381484
20,250,0.2,3.0,1.0,0,1,0.19058929113139325,0.1124253792791381
20,500,0.01,1.0,0.0,47,48,0.00010796606138948576,0.0
20,500,0.01,1.0,0.25,45,47,0.00038420581101337027,0.0
20,500,0.01,1.0,0.5,45,47,0.0005270981236471257,0.0
20,500,0.01,1.0,1.0,46,48,0.0003036840346219423,0.0
20,500,0.01,1.5,0.0,48,49,0.0001284311459790402,0.0
20,500,0.01,1.5,0.25,43,46,0.000382206540753335,0.0
20,500,0.01,1.5,0.5,45,48,0.0006508255670788054,0.0
20,500,0.01,1.5,1.0,46,46,0.00034761811065181074,0.0
20,500,0.01,2.0,0.0,48,48,6.07193736256556e-05,0.0
20,500,0.01,2.0,0.25,48,48,1.4833239594424924e-05,0.0
20,500,0.01,2.0,0.5,48,48,1.616588517544197e-05,0.0
20,500,0.01,2.0,1.0,47,47,0.000293187487166555,0.0
20,500,0.01,3.0,0.0,39,43,0.0004566785730282942,0.0
20,500,0.01,3.0,0.25,47,48,8.470354504087209e-05,0.0
20,500,0.01,3.0,0.5,45,47,0.00021076385977313505,0.0
20,500,0.01,3.0,1.0,43,45,0.0007223315618582544,0.0
20,500,0.03,1.0,0.0,47,48,0.0002186411267262792,0.0
20,500,0.03,1.0,0.25,47,47,0.0001319004533692452,0.0
20,500,0.03,1.0,0.5,42,45,0.000982879016116375,0.0
20,500,0.03,1.0,1.0,44,45,0.0011876911913641364,0.0
20,500,0.03,1.5,0.0,42,42,0.0005762468789450382,0.0
20,500,0.03,1.5,0.25,45,46,0.00031937758799854897,0.0
20,500,0.03,1.5,0.5,44,46,0.0005698561939859581,0.0
20,500,0.03,1.5,1.0,45,46,0.0006203515632619054,0.0
20,500,0.03,2.0,0.0,44,45,0.0003349628843464891,0.0
20,500,0.03,2.0,0.25,45,45,0.00022199091172128775,0.0
20,500,0.03,2.0,0.5,41,41,0.001389797897431499,0.0
20,500,0.03,2.0,1.0,43,44,0.0015345365813310224,0.0
20,500,0.03,3.0,0.0,38,43,0.0011120085679902686,0.0
20,500,0.03,3.0,0.25,40,40,0.0009632087310387034,0.0
20,500,0.03,3.0,0.5,45,48,0.0005999920287726947,0.0
20,500,0.03,3.0,1.0,35,36,0.002083495873076897,0.0
20,500,0.05,1.0,0.0,42,42,0.0013991888258060741,0.0
20,500,0.05,1.0,0.25,45,45,0.0005968581932626236,0.0
20,500,0.05,1.0,0.5,41,41,0.0017975841473155706,0.0
20,500,0.05,1.0,1.0,36,40,0.0035458888456361055,0.0
20,500,0.05,1.5,0.0,41,43,0.0015525786806792194,0.0
20,500,0.05,1.5,0.25,42,43,0.0008727374885340904,0.0
20,500,0.05,1.5,0.5,41,43,0.0009494607836873204,0.0
20,500,0.05,1.5,1.0,35,35,0.00436582557019443,0.0
20,500,0.05,2.0,0.0,47,47,0.00020418668237387133,0.0
20,500,0.05,2.0,0.25,32,35,0.00214354504275848,0.0
20,500,0.05,2.0,0.5,36,41,0.0017003538910525596,0.0
20,500,0.05,2.0,1.0,34,36,0.00393420558428085,0.0
20,500,0.05,3.0,0.0,40,41,0.0019389706616972804,0.0
20,500,0.05,3.0,0.25,39,42,0.0016136627960595218,0.0
20,500,0.05,3.0,0.5,31,35,0.004459672855025037,0.0
20,500,0.05,3.0,1.0,35,37,0.004625797201331604,0.0
20,500,0.1,1.0,0.0,39,41,0.0023749927131519934,0.0
20,500,0.1,1.0,0.25,38,38,0.0033126715272172947,0.0
20,500,0.1,1.0,0.5,33,35,0.007537493837059036,0.0
20,500,0.1,1.0,1.0,29,32,0.014815467896920094,0.0
20,500,0.1,1.5,0.0,40,40,0.0013570893089159047,0.0
20,500,0.1,1.5,0.25,37,37,0.005103802179433914,0.0
20,500,0.1,1.5,0.5,36,36,0.006683518230677448,0.0
20,500,0.1,1.5,1.0,32,32,0.008247150572987264,0.0
20,500,0.1,2.0,0.0,27,29,0.00771782342994353,0.0
20,500,0.1,2.0,0.25,28,30,0.007846587709906015,0.0
20,500,0.1,2.0,0.5,25,26,0.017087180507439303,0.0011177570593751927
20,500,0.1,2.0,1.0,33,33,0.014321988354918038,0.0
20,500,0.1,3.0,0.0,29,31,0.009083998216976624,0.0
20,500,0.1,3.0,0.25,32,32,0.011913616005110974,0.0
20,500,0.1,3.0,0.5,32,32,0.008109506875302867,0.0
20,500,0.1,3.0,1.0,22,29,0.015367442670374199,0.005428859962106418
20,500,0.2,1.0,0.0,27,31,0.014447118226880093,0.0
20,500,0.2,1.0,0.25,26,27,0.018152516309065215,0.0
20,500,0.2,1.0,0.5,23,25,0.025580284950121962,0.004981354963170894
20,500,0.2,1.0,1.0,26,26,0.04115730491894225,0.0
20,500,0.2,1.5,0.0,28,28,0.025861298794302264,0.0
20,500,0.2,1.5,0.25,24,26,0.020451717144115963,0.0016891328670665933
20,500,0.2,1.5,0.5,25,29,0.024219686545178188,0.0011645133964737972
20,500,0.2,1.5,1.0,16,19,0.04425644467107166,0.029805567283385372
20,500,0.2,2.0,0.0,27,28,0.01874648366971476,0.0
20,500,0.2,2.0,0.25,20,21,0.022603231522736,0.005790434077435798
20,500,0.2,2.0,0.5,21,28,0.029019798294840485,0.008510661615017545
20,500,0.2,2.0,1.0,8,13,0.04704837010989014,0.034715780982909575
20,500,0.2,3.0,0.0,25,26,0.019035170771247136,0.0023464438346697813
20,500,0.2,3.0,0.25,18,23,0.025946651533320632,0.018833694339462845
20,500,0.2,3.0,0.5,15,20,0.03759220335104651,0.029505269275701483
20,500,0.2,3.0,1.0,1,1,0.09913746719692818,0.07884700867146911
20,1000,0.01,1.0,0.0,43,46,0.0005241769350200947,0.0
20,1000,0.01,1.0,0.25,44,47,0.00011901386472783715,0.0
20,1000,0.01,1.0,0.5,48,49,0.00032625508487838363,0.0
20,1000,0.01,1.0,1.0,42,43,0.0005522393970292558,0.0
20,1000,0.01,1.5,0.0,45,47,0.00011756787668804599,0.0
20,1000,0.01,1.5,0.25,46,46,0.00011266840024535575,0.0
20,1000,0.01,1.5,0.5,44,45,0.0006580381969746971,0.0
20,1000,0.01,1.5,1.0,45,46,0.00014363370121665866,0.0
20,1000,0.01,2.0,0.0,48,48,0.00011382447495540793,0.0
20,1000,0.01,2.0,0.25,44,45,0.00011420244776685933,0.0
20,1000,0.01,2.0,0.5,43,45,0.00043654704436536546,0.0
20,1000,0.01,2.0,1.0,46,47,0.00014563928479385268,0.0
20,1000,0.01,3.0,0.0,44,46,0.00031145021378833313,0.0
20,1000,0.01,3.0,0.25,45,46,0.00036924029645069066,0.0
20,1000,0.01,3.0,0.5,47,48,0.0001463281297096492,0.0
20,1000,0.01,3.0,1.0,47,47,5.257956989441294e-05,0.0
20,1000,0.03,1.0,0.0,47,50,0.00043446465141802046,0.0
20,1000,0.03,1.0,0.25,44,44,0.0002457528146438706,0.0
20,1000,0.03,1.0,0.5,48,48,4.8010790798210385e-05,0.0
20,1000,0.03,1.0,1.0,47,49,0.000503640620618781,0.0
20,1000,0.03,1.5,0.0,43,46,0.0005303250940086158,0.0
20,1000,0.03,1.5,0.25,46,47,0.00034412411821495,0.0
20,1000,0.03,1.5,0.5,48,49,0.00021892866744883916,0.0
20,1000,0.03,1.5,1.0,44,45,0.00032442250794545256,0.0
20,1000,0.03,2.0,0.0,44,44,0.0006308834198317302,0.0
20,1000,0.03,2.0,0.25,44,45,0.0006982767380536051,0.0
20,1000,0.03,2.0,0.5,47,47,0.00021232934971189397,0.0
20,1000,0.03,2.0,1.0,46,46,0.0001709846951497173,0.0
20,1000,0.03,3.0,0.0,44,45,0.0006221555968840358,0.0
20,1000,0.03,3.0,0.25,44,44,0.0004403978263050777,0.0
20,1000,0.03,3.0,0.5,47,47,0.0003538538198486413,0.0
20,1000,0.03,3.0,1.0,43,45,0.00045321512308216266,0.0
20,1000,0.05,1.0,0.0,42,45,0.0010327074873707509,0.0
20,1000,0.05,1.0,0.25,48,48,0.0003447448261954211,0.0
20,1000,0.05,1.0,0.5,41,43,0.0011298570121299463,0.0
20,1000,0.05,1.0,1.0,43,44,0.0005687963537285917,0.0
20,1000,0.05,1.5,0.0,43,44,0.00044555783999793006,0.0
20,1000,0.05,1.5,0.25,39,42,0.001419772011363473,0.0
20,1000,0.05,1.5,0.5,46,47,0.0005454350398319833,0.0
20,1000,0.05,1.5,1.0,44,44,0.0008233169834086046,0.0
20,1000,0.05,2.0,0.0,45,45,0.0007963920416596267,0.0
20,1000,0.05,2.0,0.25,45,47,0.0005508911890889774,0.0
20,1000,0.05,2.0,0.5,44,46,0.0005951674339372788,0.0
20,1000,0.05,2.0,1.0,34,35,0.0025962494424916906,0.0
20,1000,0.05,3.0,0.0,44,45,0.0008158800444982026,0.0
20,1000,0.05,3.0,0.25,37,38,0.0027172901698070484,0.0
20,1000,0.05,3.0,0.5,40,40,0.0015546955853767421,0.0
20,1000,0.05,3.0,1.0,38,39,0.002647666499181637,0.0
20,1000,0.1,1.0,0.0,41,42,0.0017519379467902582,0.0
20,1000,0.1,1.0,0.25,35,36,0.0030804137842600503,0.0
20,1000,0.1,1.0,0.5,37,42,0.0029274545671130765,0.0
20,1000,0.1,1.0,1.0,39,40,0.002776118600280321,0.0
20,1000,0.1,1.5,0.0,39,39,0.003812372339284297,0.0
20,1000,0.1,1.5,0.25,34,36,0.003321968916458873,0.0
20,1000,0.1,1.5,0.5,36,36,0.003969595463828939,0.0
20,1000,0.1,1.5,1.0,38,40,0.0027316878312884612,0.0
20,1000,0.1,2.0,0.0,33,33,0.006055092404531436,0.0
20,1000,0.1,2.0,0.25,39,40,0.00277704647849933,0.0
20,1000,0.1,2.0,0.5,39,40,0.004191745695403763,0.0
20,1000,0.1,2.0,1.0,29,32,0.007170063022140119,0.0
20,1000,0.1,3.0,0.0,38,40,0.003392505134841878,0.0
20,1000,0.1,3.0,0.25,32,33,0.007712120091926106,0.0
20,1000,0.1,3.0,0.5,29,30,0.006576665719315747,0.0
20,1000,0.1,3.0,1.0,30,30,0.005694256195040805,0.0
20,1000,0.2,1.0,0.0,30,31,0.011968002323764174,0.0
20,1000,0.2,1.0,0.25,34,34,0.01161653550808582,0.0
20,1000,0.2,1.0,0.5,31,31,0.010641949615450348,0.0
20,1000,0.2,1.0,1.0,23,26,0.016603976591560484,0.0025350832770520276
20,1000,0.2,1.5,0.0,26,28,0.01880079298997671,0.0
20,1000,0.2,1.5,0.25,29,29,0.012065708941559047,0.0
20,1000,0.2,1.5,0.5,30,30,0.014666759100197215,0.0
20,1000,0.2,1.5,1.0,29,30,0.019316499850542075,0.0
20,1000,0.2,2.0,0.0,22,23,0.024566060601321,0.008265571471429183
20,1000,0.2,2.0,0.25,33,33,0.013966490118365468,0.0
20,1000,0.2,2.0,0.5,25,25,0.01882018356812401,0.0005314598160327949
20,1000,0.2,2.0,1.0,31,32,0.018703902673020804,0.0
20,1000,0.2,3.0,0.0,18,22,0.021035543684247215,0.006842821374769733
20,1000,0.2,3.0,0.25,24,28,0.015471687144692976,0.002287074551722678
20,1000,0.2,3.0,0.5,24,26,0.01378813280505943,0.0019539772225953267
20,1000,0.2,3.0,1.0,22,26,0.021596570989538905,0.005642603041076361
20,5000,0.01,1.0,0.0,49,50,0.0,0.0
20,5000,0.01,1.0,0.25,46,46,0.00017916305086695565,0.0
20,5000,0.01,1.0,0.5,44,45,0.00016244391792232825,0.0
20,5000,0.01,1.0,1.0,43,43,0.00027843753845519436,0.0
20,5000,0.01,1.5,0.0,46,48,3.306448240957778e-05,0.0
20,5000,0.01,1.5,0.25,48,49,6.663973380242736e-05,0.0
20,5000,0.01,1.5,0.5,46,47,0.00024865659922142745,0.0
20,5000,0.01,1.5,1.0,45,48,7.176175729787688e-05,0.0
20,5000,0.01,2.0,0.0,42,43,0.00015928886614554862,0.0
20,5000,0.01,2.0,0.25,45,48,0.00046680452193093307,0.0
20,5000,0.01,2.0,0.5,42,45,0.00019130876298957238,0.0
20,5000,0.01,2.0,1.0,44,45,1.1246200477010165e-06,0.0
20,5000,0.01,3.0,0.0,44,45,0.00022444635491885982,0.0
20,5000,0.01,3.0,0.25,41,43,0.00014063539655808692,0.0
20,5000,0.01,3.0,0.5,44,45,2.0861677336441765e-05,0.0
20,5000,0.01,3.0,1.0,41,43,0.0007316910616586325,0.0
20,5000,0.03,1.0,0.0,46,46,0.00014962024037107815,0.0
20,5000,0.03,1.0,0.25,44,45,0.0003290790925652054,0.0
20,5000,0.03,1.0,0.5,42,47,0.0007230304594093832,0.0
20,5000,0.03,1.0,1.0,44,47,0.0004660838371216296,0.0
20,5000,0.03,1.5,0.0,46,47,0.0005917147991277488,0.0
20,5000,0.03,1.5,0.25,48,48,0.00016884641565188992,0.0
20,5000,0.03,1.5,0.5,45,46,0.00025196872256937763,0.0
20,5000,0.03,1.5,1.0,42,46,0.0002816074433680091,0.0
20,5000,0.03,2.0,0.0,44,44,0.0010315506665655077,0.0
20,5000,0.03,2.0,0.25,48,48,0.00011289450454976362,0.0
20,5000,0.03,2.0,0.5,47,48,8.486587714338322e-05,0.0
20,5000,0.03,2.0,1.0,43,43,0.00014477131171883241,0.0
20,5000,0.03,3.0,0.0,43,44,0.00041842060554940936,0.0
20,5000,0.03,3.0,0.25,45,45,0.00029660169430739143,0.0
20,5000,0.03,3.0,0.5,44,45,0.00036496639122473104,0.0
20,5000,0.03,3.0,1.0,45,47,0.00017776946585526358,0.0
20,5000,0.05,1.0,0.0,48,49,0.00020410625504089182,0.0
20,5000,0.05,1.0,0.25,45,45,0.0005144086506390016,0.0
20,5000,0.05,1.0,0.5,47,48,0.00015291777224551328,0.0
20,5000,0.05,1.0,1.0,49,49,1.9557442872650336e-05,0.0
20,5000,0.05,1.5,0.0,45,45,0.000555857373973554,0.0
20,5000,0.05,1.5,0.25,45,45,0.0007145510993339349,0.0
20,5000,0.05,1.5,0.5,44,46,0.0003250223980914242,0.0
20,5000,0.05,1.5,1.0,47,48,0.0001206780332779201,0.0
20,5000,0.05,2.0,0.0,40,42,0.0012571767573337084,0.0
20,5000,0.05,2.0,0.25,40,41,0.0005908102307337847,0.0
20,5000,0.05,2.0,0.5,47,48,0.00017751736447792557,0.0
20,5000,0.05,2.0,1.0,43,46,0.00033958296639927154,0.0
20,5000,0.05,3.0,0.0,34,37,0.0023482156015377335,0.0
20,5000,0.05,3.0,0.25,44,44,0.0009142280077406728,0.0
20,5000,0.05,3.0,0.5,44,46,0.00024282823161201852,0.0
20,5000,0.05,3.0,1.0,48,48,9.330850367962364e-05,0.0
20,5000,0.1,1.0,0.0,35,36,0.003096741629063884,0.0
20,5000,0.1,1.0,0.25,40,40,0.0014736918850126993,0.0
20,5000,0.1,1.0,0.5,43,45,0.0007608352793261952,0.0
20,5000,0.1,1.0,1.0,48,49,0.00022920171873665011,0.0
20,5000,0.1,1.5,0.0,35,36,0.0033645274745125646,0.0
20,5000,0.1,1.5,0.25,42,42,0.0013943286837027708,0.0
20,5000,0.1,1.5,0.5,45,47,0.00034951329435565885,0.0
20,5000,0.1,1.5,1.0,45,46,0.00017325774499558647,0.0
20,5000,0.1,2.0,0.0,34,37,0.004295740801292346,0.0
20,5000,0.1,2.0,0.25,39,41,0.002484543639876788,0.0
20,5000,0.1,2.0,0.5,41,41,0.001400402976454805,0.0
20,5000,0.1,2.0,1.0,43,43,0.00036933671014957787,0.0
20,5000,0.1,3.0,0.0,32,32,0.008544823227031626,0.0
20,5000,0.1,3.0,0.25,38,40,0.0026707318735614627,0.0
20,5000,0.1,3.0,0.5,43,44,0.0006038896575947651,0.0
20,5000,0.1,3.0,1.0,45,46,0.00037743397429071206,0.0
20,5000,0.2,1.0,0.0,35,36,0.009279357480836999,0.0
20,5000,0.2,1.0,0.25,33,37,0.0025381416941738537,0.0
20,5000,0.2,1.0,0.5,33,36,0.002199492838165887,0.0
20,5000,0.2,1.0,1.0,45,47,0.0004962701684366832,0.0
20,5000,0.2,1.5,0.0,35,35,0.013641745496224635,0.0
20,5000,0.2,1.5,0.25,37,37,0.00612450747309704,0.0
20,5000,0.2,1.5,0.5,34,39,0.002698308754253981,0.0
20,5000,0.2,1.5,1.0,41,42,0.0011016616346897015,0.0
20,5000,0.2,2.0,0.0,25,29,0.012618363980956037,0.0017781469078895565
20,5000,0.2,2.0,0.25,30,32,0.01140634840817739,0.0
20,5000,0.2,2.0,0.5,31,34,0.003847771890706138,0.0
20,5000,0.2,2.0,1.0,43,44,0.0007346842162450901,0.0
20,5000,0.2,3.0,0.0,25,28,0.012541479746934274,0.00034773720249228583
20,5000,0.2,3.0,0.25,27,30,0.014078176726387512,0.0
20,5000,0.2,3.0,0.5,29,32,0.005519702993376744,0.0
20,5000,0.2,3.0,1.0,42,43,0.0007319508150717712,0.0
50,100,0.01,1.0,0.0,41,45,0.0002752205542108298,0.0
50,100,0.01,1.0,0.25,41,44,0.0006412460879211437,0.0
50,100,0.01,1.0,0.5,39,44,0.0006144784077667214,0.0
50,100,0.01,1.0,1.0,39,40,0.0017842608941910174,0.0
50,100,0.01,1.5,0.0,42,46,0.0002751942264077602,0.0
50,100,0.01,1.5,0.25,42,44,0.0006043206895351034,0.0
50,100,0.01,1.5,0.5,44,44,0.00038547969559194465,0.0
50,100,0.01,1.5,1.0,43,43,0.0005285402821489561,0.0
50,100,0.01,2.0,0.0,39,43,0.0008686068746556818,0.0
50,100,0.01,2.0,0.25,42,43,0.0005497636346495942,0.0
50,100,0.01,2.0,0.5,43,49,0.0006268803814097995,0.0
50,100,0.01,2.0,1.0,39,43,0.001007648485164239,0.0
50,100,0.01,3.0,0.0,32,37,0.0008810489061146609,0.0
50,100,0.01,3.0,0.25,39,42,0.0004101379893529004,0.0
50,100,0.01,3.0,0.5,39,41,0.00028308628599738934,0.0
50,100,0.01,3.0,1.0,35,36,0.0022205003015173734,0.0
50,100,0.03,1.0,0.0,41,43,0.0007451907331229332,0.0
50,100,0.03,1.0,0.25,44,44,0.00032120356109195474,0.0
50,100,0.03,1.0,0.5,38,39,0.0012704119833553517,0.0
50,100,0.03,1.0,1.0,26,28,0.02307499600896059,0.0
50,100,0.03,1.5,0.0,39,45,0.0007078053308567705,0.0
50,100,0.03,1.5,0.25,45,46,0.0006445604825827652,0.0
50,100,0.03,1.5,0.5,41,43,0.0008150911140932951,0.0
50,100,0.03,1.5,1.0,30,31,0.02334071169574536,0.0
50,100,0.03,2.0,0.0,44,47,0.0002753799923974538,0.0
50,100,0.03,2.0,0.25,44,48,0.0004453814213203533,0.0
50,100,0.03,2.0,0.5,39,43,0.001531372762562901,0.0
50,100,0.03,2.0,1.0,21,21,0.033548733205985566,0.00659592983991567
50,100,0.03,3.0,0.0,41,42,0.00033008645634790965,0.0
50,100,0.03,3.0,0.25,43,46,4.499321229968989e-05,0.0
50,100,0.03,3.0,0.5,45,46,0.00021638680728619368,0.0
50,100,0.03,3.0,1.0,13,13,0.0470848552545239,0.021625043071287563
50,100,0.05,1.0,0.0,43,44,0.0007874206203429088,0.0
50,100,0.05,1.0,0.25,41,41,0.0010472782904076322,0.0
50,100,0.05,1.0,0.5,40,43,0.0012361576297107875,0.0
50,100,0.05,1.0,1.0,18,19,0.06434633428794391,0.01745672610569756
50,100,0.05,1.5,0.0,39,42,0.0012339880347281712,0.0
50,100,0.05,1.5,0.25,39,41,0.0011488393166655413,0.0
50,100,0.05,1.5,0.5,37,39,0.002302060196903403,0.0
50,100,0.05,1.5,1.0,7,8,0.07836753402254212,0.04682303055568739
50,100,0.05,2.0,0.0,43,45,0.0003008379565891063,0.0
50,100,0.05,2.0,0.25,40,43,0.0005075004553511204,0.0
50,100,0.05,2.0,0.5,33,37,0.0032713842799649367,0.0
50,100,0.05,2.0,1.0,5,5,0.13759481467495785,0.1661086161869129
50,100,0.05,3.0,0.0,41,41,0.00033060625943889555,0.0
50,100,0.05,3.0,0.25,32,34,0.0015558200603756705,0.0
50,100,0.05,3.0,0.5,28,30,0.008531686549269897,0.0
50,100,0.05,3.0,1.0,8,9,0.11556651462055947,0.12800997144389448
50,100,0.1,1.0,0.0,40,42,0.0013000764878629229,0.0
50,100,0.1,1.0,0.25,33,37,0.0023095112870072845,0.0
50,100,0.1,1.0,0.5,31,31,0.009657494424545814,0.0
50,100,0.1,1.0,1.0,0,1,0.47161988868522847,0.39996910341118236
50,100,0.1,1.5,0.0,45,46,0.00017565258606270376,0.0
50,100,0.1,1.5,0.25,43,44,0.00192197589417271,0.0
50,100,0.1,1.5,0.5,24,27,0.015731385816763713,0.0008725172806818005
50,100,0.1,1.5,1.0,1,2,0.40921962067787837,0.37135952056246485
50,100,0.1,2.0,0.0,43,44,0.0007509496142767502,0.0
50,100,0.1,2.0,0.25,36,36,0.002462926104590627,0.0
50,100,0.1,2.0,0.5,22,24,0.02848121920359564,0.001807720414071871
50,100,0.1,2.0,1.0,3,4,0.27849545257585706,0.2601229581937084
50,100,0.1,3.0,0.0,38,39,0.0014265430896033776,0.0
50,100,0.1,3.0,0.25,29,31,0.009066815622219688,0.0
50,100,0.1,3.0,0.5,12,12,0.05897712345514644,0.06270433279283921
50,100,0.1,3.0,1.0,3,3,0.22933215742333005,0.2216413181233483
50,100,0.2,1.0,0.0,35,36,0.00258558341812353,0.0
50,100,0.2,1.0,0.25,24,27,0.01209381342268566,0.00038450366075899745
50,100,0.2,1.0,0.5,15,16,0.09737494601987312,0.022049281371705816
50,100,0.2,1.0,1.0,0,0,0.525231354922926,0.4326759534563009
50,100,0.2,1.5,0.0,37,38,0.005690900524895437,0.0
50,100,0.2,1.5,0.25,23,26,0.03281416165732784,0.003443857200745075
50,100,0.2,1.5,0.5,5,5,0.17268634830058482,0.22312748332996082
50,100,0.2,1.5,1.0,2,2,0.38553960628514233,0.3187356684867494
50,100,0.2,2.0,0.0,25,26,0.014482108656445811,2.830449699031505e-05
50,100,0.2,2.0,0.25,9,14,0.04171463545036774,0.012965394458193806
50,100,0.2,2.0,0.5,5,5,0.18060933707377153,0.20759349927047105
50,100,0.2,2.0,1.0,3,3,0.3467064468540292,0.33448554883350823
50,100,0.2,3.0,0.0,28,29,0.006543602591666369,0.0
50,100,0.2,3.0,0.25,5,7,0.07586524226221183,0.0866122371930231
50,100,0.2,3.0,0.5,3,3,0.21125310578655046,0.21249791220420156
50,100,0.2,3.0,1.0,5,5,0.3114947499510693,0.27929210575830177
50,250,0.01,1.0,0.0,33,38,0.0012438574674677274,0.0
50,250,0.01,1.0,0.25,37,42,0.0002586557143294929,0.0
50,250,0.01,1.0,0.5,44,46,0.00038790428754175143,0.0
50,250,0.01,1.0,1.0,40,42,0.0007690867725100567,0.0
50,250,0.01,1.5,0.0,39,42,0.0003541929756980694,0.0
50,250,0.01,1.5,0.25,46,46,9.87933431928989e-06,0.0
50,250,0.01,1.5,0.5,45,48,0.0002269209975369514,0.0
50,250,0.01,1.5,1.0,46,47,0.0001823019684527869,0.0
50,250,0.01,2.0,0.0,43,44,0.00016555473863980264,0.0
50,250,0.01,2.0,0.25,40,43,0.00040056185593928014,0.0
50,250,0.01,2.0,0.5,46,46,0.0,0.0
50,250,0.01,2.0,1.0,44,46,0.0003859439546111839,0.0
50,250,0.01,3.0,0.0,39,42,0.00038499187865257203,0.0
50,250,0.01,3.0,0.25,40,44,0.0004992646565149941,0.0
50,250,0.01,3.0,0.5,42,44,0.00011683769274007626,0.0
50,250,0.01,3.0,1.0,39,43,0.0003114776792162316,0.0
50,250,0.03,1.0,0.0,42,44,0.00023857958309979097,0.0
50,250,0.03,1.0,0.25,43,43,0.0006604487778587878,0.0
50,250,0.03,1.0,0.5,40,41,0.0011792379026034647,0.0
50,250,0.03,1.0,1.0,40,40,0.0011847543584070426,0.0
50,250,0.03,1.5,0.0,44,49,0.00038989179123767397,0.0
50,250,0.03,1.5,0.25,41,42,0.00057701364302726,0.0
50,250,0.03,1.5,0.5,47,47,0.0004325351918938555,0.0
50,250,0.03,1.5,1.0,40,40,0.0020697556867595042,0.0
50,250,0.03,2.0,0.0,42,43,0.000704149060505236,0.0
50,250,0.03,2.0,0.25,41,42,0.0007081838495423443,0.0
50,250,0.03,2.0,0.5,44,45,0.0004341074054881461,0.0
50,250,0.03,2.0,1.0,37,37,0.0017857801918152538,0.0
50,250,0.03,3.0,0.0,39,43,0.00024705932085590624,0.0
50,250,0.03,3.0,0.25,41,42,0.00027972102214678324,0.0
50,250,0.03,3.0,0.5,43,43,0.00031212345999176986,0.0
50,250,0.03,3.0,1.0,34,34,0.0035360285219219845,0.0
50,250,0.05,1.0,0.0,43,48,0.0006748955594512851,0.0
50,250,0.05,1.0,0.25,39,42,0.0010561611154733016,0.0
50,250,0.05,1.0,0.5,41,42,0.0009369093962218949,0.0
50,250,0.05,1.0,1.0,41,43,0.0020993479484711663,0.0
50,250,0.05,1.5,0.0,46,46,0.00039431395531364463,0.0
50,250,0.05,1.5,0.25,44,45,0.0006373372896247498,0.0
50,250,0.05,1.5,0.5,44,46,0.0008169526701029175,0.0
50,250,0.05,1.5,1.0,31,32,0.0058998458638814385,0.0
50,250,0.05,2.0,0.0,42,43,0.00045275537101568454,0.0
50,250,0.05,2.0,0.25,46,47,0.00014482050064161506,0.0
50,250,0.05,2.0,0.5,39,40,0.0015641796199469585,0.0
50,250,0.05,2.0,1.0,32,34,0.004878956609633882,0.0
50,250,0.05,3.0,0.0,44,45,0.0001072146106742522,0.0
50,250,0.05,3.0,0.25,44,46,0.00032470662830797733,0.0
50,250,0.05,3.0,0.5,41,41,0.0009105430591516924,0.0
50,250,0.05,3.0,1.0,22,25,0.014842513511907912,0.0002610363665252781
50,250,0.1,1.0,0.0,38,40,0.0011210203368466007,0.0
50,250,0.1,1.0,0.25,38,39,0.001162610292740438,0.0
50,250,0.1,1.0,0.5,36,36,0.003488708686084141,0.0
50,250,0.1,1.0,1.0,19,23,0.050227577367899706,0.004880516846643847
50,250,0.1,1.5,0.0,46,47,0.00027450413538203177,0.0
50,250,0.1,1.5,0.25,42,43,0.002050747982908586,0.0
50,250,0.1,1.5,0.5,32,33,0.004334778650874871,0.0
50,250,0.1,1.5,1.0,18,20,0.036098867091080455,0.007799693991143011
50,250,0.1,2.0,0.0,43,43,0.00101801303826929,0.0
50,250,0.1,2.0,0.25,36,36,0.0020161073821623964,0.0
50,250,0.1,2.0,0.5,33,34,0.00941389242482879,0.0
50,250,0.1,2.0,1.0,12,13,0.05243616755522058,0.019637937698357755
50,250,0.1,3.0,0.0,38,39,0.0016778909994105387,0.0
50,250,0.1,3.0,0.25,35,38,0.004221918016717136,0.0
50,250,0.1,3.0,0.5,26,29,0.011948855473293784,0.0
50,250,0.1,3.0,1.0,11,11,0.08959072676677932,0.10817106646945682
50,250,0.2,1.0,0.0,40,41,0.002624510170023928,0.0
50,250,0.2,1.0,0.25,32,33,0.010503523629168027,0.0
50,250,0.2,1.0,0.5,21,22,0.04972334148914657,0.007133880900949123
50,250,0.2,1.0,1.0,3,3,0.2763654899462956,0.2914082458291708
50,250,0.2,1.5,0.0,37,37,0.002768780856065166,0.0
50,250,0.2,1.5,0.25,25,25,0.031056182094277518,0.0013471188568898555
50,250,0.2,1.5,0.5,15,17,0.05928554626370985,0.019926978501270173
50,250,0.2,1.5,1.0,3,4,0.25348924626290514,0.26276698724127306
50,250,0.2,2.0,0.0,30,31,0.007378493967647685,0.0
50,250,0.2,2.0,0.25,22,26,0.03451184817121594,0.00196362776811115
50,250,0.2,2.0,0.5,7,7,0.062172288100284835,0.035559790710356774
50,250,0.2,2.0,1.0,5,5,0.22714799793509555,0.22973424274492085
50,250,0.2,3.0,0.0,29,30,0.015825333141742767,0.0
50,250,0.2,3.0,0.25,17,19,0.0343802279790708,0.014388493113036305
50,250,0.2,3.0,0.5,9,10,0.09731128612295749,0.11317094585232149
50,250,0.2,3.0,1.0,7,7,0.1870771014744551,0.18619743278374334
50,500,0.01,1.0,0.0,39,43,0.0008403283672458641,0.0
50,500,0.01,1.0,0.25,41,45,0.0008280518729090453,0.0
50,500,0.01,1.0,0.5,44,44,0.0003644696441378256,0.0
50,500,0.01,1.0,1.0,43,46,0.00039202530354790236,0.0
50,500,0.01,1.5,0.0,42,45,0.00023220916107492948,0.0
50,500,0.01,1.5,0.25,41,43,0.0005167377820855383,0.0
50,500,0.01,1.5,0.5,40,45,0.0010462720369114646,0.0
50,500,0.01,1.5,1.0,36,40,0.0010592733158255084,0.0
50,500,0.01,2.0,0.0,42,44,0.00020468196067640964,0.0
50,500,0.01,2.0,0.25,41,47,0.0005287506861876058,0.0
50,500,0.01,2.0,0.5,41,45,0.000268167764363439,0.0
50,500,0.01,2.0,1.0,39,42,0.000642853237607313,0.0
50,500,0.01,3.0,0.0,38,42,0.0007975810463268355,0.0
50,500,0.01,3.0,0.25,43,44,0.00016567315681367107,0.0
50,500,0.01,3.0,0.5,40,41,0.00016753594789662395,0.0
50,500,0.01,3.0,1.0,41,42,0.00014893638395916607,0.0
50,500,0.03,1.0,0.0,38,40,0.00064863469007117,0.0
50,500,0.03,1.0,0.25,37,39,0.0008989449183898793,0.0
50,500,0.03,1.0,0.5,44,45,0.00047328306982907597,0.0
50,500,0.03,1.0,1.0,43,43,0.0002115692646282153,0.0
50,500,0.03,1.5,0.0,45,47,0.00023876096750022994,0.0
50,500,0.03,1.5,0.25,43,45,0.00047218712256402837,0.0
50,500,0.03,1.5,0.5,44,44,0.0003041395242722873,0.0
50,500,0.03,1.5,1.0,38,41,0.0007041108558944676,0.0
50,500,0.03,2.0,0.0,41,44,0.0005566068788870993,0.0
50,500,0.03,2.0,0.25,41,42,0.0005338204138972901,0.0
50,500,0.03,2.0,0.5,40,41,0.00045467363567191046,0.0
50,500,0.03,2.0,1.0,39,39,0.0012120703794753363,0.0
50,500,0.03,3.0,0.0,35,40,0.0007268037150925852,0.0
50,500,0.03,3.0,0.25,44,46,0.0006310167279252925,0.0
50,500,0.03,3.0,0.5,38,39,0.0005826582846886275,0.0
50,500,0.03,3.0,1.0,39,40,0.0003679495109295316,0.0
50,500,0.05,1.0,0.0,44,47,0.0003255045940269267,0.0
50,500,0.05,1.0,0.25,40,41,0.0013964392618632815,0.0
50,500,0.05,1.0,0.5,36,38,0.001189881851086224,0.0
50,500,0.05,1.0,1.0,34,35,0.00188567803027752,0.0
50,500,0.05,1.5,0.0,41,43,0.0005127046697373213,0.0
50,500,0.05,1.5,0.25,39,40,0.0009882387623302838,0.0
50,500,0.05,1.5,0.5,43,43,0.0009560388875789641,0.0
50,500,0.05,1.5,1.0,41,43,0.0007975848366394219,0.0
50,500,0.05,2.0,0.0,44,45,0.0007329996445863997,0.0
50,500,0.05,2.0,0.25,42,43,0.0007270135520735398,0.0
50,500,0.05,2.0,0.5,36,38,0.0011524443149391816,0.0
50,500,0.05,2.0,1.0,39,42,0.0009593338840749391,0.0
50,500,0.05,3.0,0.0,42,42,0.0006768442659399204,0.0
50,500,0.05,3.0,0.25,44,45,0.0001817678528065742,0.0
50,500,0.05,3.0,0.5,42,42,0.0002417195437714817,0.0
50,500,0.05,3.0,1.0,38,38,0.0009153212308580999,0.0
50,500,0.1,1.0,0.0,41,41,0.0012450097856222756,0.0
50,500,0.1,1.0,0.25,40,40,0.0013093163566980709,0.0
50,500,0.1,1.0,0.5,43,45,0.0008338528531100956,0.0
50,500,0.1,1.0,1.0,35,35,0.0024889688720328472,0.0
50,500,0.1,1.5,0.0,43,44,0.0003686381485846587,0.0
50,500,0.1,1.5,0.25,41,45,0.0012056222869503265,0.0
50,500,0.1,1.5,0.5,39,39,0.002429087473966234,0.0
50,500,0.1,1.5,1.0,38,38,0.004115714339319359,0.0
50,500,0.1,2.0,0.0,40,45,0.0010956721346253944,0.0
50,500,0.1,2.0,0.25,37,38,0.0008401567958014969,0.0
50,500,0.1,2.0,0.5,37,40,0.0038997749501772905,0.0
50,500,0.1,2.0,1.0,36,39,0.005233639000206508,0.0
50,500,0.1,3.0,0.0,40,41,0.002219290778360753,0.0
50,500,0.1,3.0,0.25,36,36,0.0026057965978294197,0.0
50,500,0.1,3.0,0.5,28,31,0.0062141143667339685,0.0
50,500,0.1,3.0,1.0,30,34,0.009619895640314468,0.0
50,500,0.2,1.0,0.0,36,36,0.0035893055804767987,0.0
50,500,0.2,1.0,0.25,35,35,0.004450716218089624,0.0
50,500,0.2,1.0,0.5,30,30,0.011660678298888012,0.0
50,500,0.2,1.0,1.0,34,36,0.01613174936673446,0.0
50,500,0.2,1.5,0.0,33,33,0.00535363763961617,0.0
50,500,0.2,1.5,0.25,23,24,0.014888404409624774,0.0020770473426567626
50,500,0.2,1.5,0.5,26,27,0.02233121726975966,0.0
50,500,0.2,1.5,1.0,16,17,0.0416174578651152,0.01999884489540491
50,500,0.2,2.0,0.0,23,26,0.010043263154077331,0.00040649217314705534
50,500,0.2,2.0,0.25,30,33,0.010580937578631731,0.0
50,500,0.2,2.0,0.5,27,30,0.022942023576103917,0.0
50,500,0.2,2.0,1.0,11,13,0.04798888479568923,0.02022345914127529
50,500,0.2,3.0,0.0,23,26,0.018349588975322014,0.0004005739132594034
50,500,0.2,3.0,0.25,18,19,0.03257080291484412,0.01524483380608204
50,500,0.2,3.0,0.5,23,26,0.031028785517648143,0.003160668991556346
50,500,0.2,3.0,1.0,9,9,0.09144155237140772,0.10343652681579077
50,1000,0.01,1.0,0.0,40,42,0.0007091963006275637,0.0
50,1000,0.01,1.0,0.25,39,45,0.0007240414990468151,0.0
50,1000,0.01,1.0,0.5,37,39,0.00048682608582303855,0.0
50,1000,0.01,1.0,1.0,40,42,0.0003768712487243443,0.0
50,1000,0.01,1.5,0.0,37,40,0.0006744517463935839,0.0
50,1000,0.01,1.5,0.25,43,46,0.0006337963480117859,0.0
50,1000,0.01,1.5,0.5,37,41,0.00010473685777161041,0.0
50,1000,0.01,1.5,1.0,42,45,0.00034601077696322987,0.0
50,1000,0.01,2.0,0.0,41,43,0.0004639838306546944,0.0
50,1000,0.01,2.0,0.25,42,45,0.0003445620772931375,0.0
50,1000,0.01,2.0,0.5,38,42,0.0002877429648747919,0.0
50,1000,0.01,2.0,1.0,43,45,0.00020850425058180258,0.0
50,1000,0.01,3.0,0.0,37,39,0.00046562799328830564,0.0
50,1000,0.01,3.0,0.25,35,38,0.0004147444921850981,0.0
50,1000,0.01,3.0,0.5,41,44,0.000174283932499525,0.0
50,1000,0.01,3.0,1.0,40,40,0.0002964167619667575,0.0
50,1000,0.03,1.0,0.0,40,43,0.0008055770771305137,0.0
50,1000,0.03,1.0,0.25,39,41,0.0007507107222851272,0.0
50,1000,0.03,1.0,0.5,37,39,0.00048638894870560814,0.0
50,1000,0.03,1.0,1.0,45,48,0.00026704255667098594,0.0
50,1000,0.03,1.5,0.0,39,41,0.0009119363114287504,0.0
50,1000,0.03,1.5,0.25,41,43,0.0006259008693275757,0.0
50,1000,0.03,1.5,0.5,42,43,0.0001336181940547796,0.0
50,1000,0.03,1.5,1.0,38,43,0.0004068215748952525,0.0
50,1000,0.03,2.0,0.0,43,44,0.0005168921138842675,0.0
50,1000,0.03,2.0,0.25,41,45,0.0004133763806146928,0.0
50,1000,0.03,2.0,0.5,44,44,0.00044555685356208636,0.0
50,1000,0.03,2.0,1.0,41,44,0.00017758065426557967,0.0
50,1000,0.03,3.0,0.0,42,44,0.00023139553139475032,0.0
50,1000,0.03,3.0,0.25,42,45,0.0006756944740427417,0.0
50,1000,0.03,3.0,0.5,38,41,0.0002601804771319904,0.0
50,1000,0.03,3.0,1.0,42,43,0.0006451461403422102,0.0
50,1000,0.05,1.0,0.0,38,42,0.001000423575245729,0.0
50,1000,0.05,1.0,0.25,44,46,0.000508797513679753,0.0
50,1000,0.05,1.0,0.5,43,45,0.0003348019415831641,0.0
50,1000,0.05,1.0,1.0,43,43,0.00040870065829197585,0.0
50,1000,0.05,1.5,0.0,39,41,0.0014853368384852039,0.0
50,1000,0.05,1.5,0.25,43,46,0.0007669803947766068,0.0
50,1000,0.05,1.5,0.5,44,44,0.00031701772703412713,0.0
50,1000,0.05,1.5,1.0,44,45,0.0005958520629044081,0.0
50,1000,0.05,2.0,0.0,44,47,0.00013842181939487086,0.0
50,1000,0.05,2.0,0.25,39,43,0.0005645729658882815,0.0
50,1000,0.05,2.0,0.5,42,44,0.00020564411804691632,0.0
50,1000,0.05,2.0,1.0,44,44,0.0004185431411198751,0.0
50,1000,0.05,3.0,0.0,43,43,0.00043601411590979145,0.0
50,1000,0.05,3.0,0.25,44,44,0.0010262227707941345,0.0
50,1000,0.05,3.0,0.5,43,43,0.00027350780870062283,0.0
50,1000,0.05,3.0,1.0,44,46,0.00018480244454665762,0.0
50,1000,0.1,1.0,0.0,40,40,0.0016431779557920698,0.0
50,1000,0.1,1.0,0.25,42,44,0.0005187861588352825,0.0
50,1000,0.1,1.0,0.5,40,43,0.0009589373723080219,0.0
50,1000,0.1,1.0,1.0,33,39,0.001458097688143576,0.0
50,1000,0.1,1.5,0.0,42,42,0.0004531742220082546,0.0
50,1000,0.1,1.5,0.25,40,41,0.0009947890035621938,0.0
50,1000,0.1,1.5,0.5,35,35,0.0016044410460369374,0.0
50,1000,0.1,1.5,1.0,44,44,0.001427157559819122,0.0
50,1000,0.1,2.0,0.0,40,43,0.0008366512099330664,0.0
50,1000,0.1,2.0,0.25,41,42,0.0007074907638888957,0.0
50,1000,0.1,2.0,0.5,41,43,0.0013190852617426087,0.0
50,1000,0.1,2.0,1.0,44,46,0.0005090263220730996,0.0
50,1000,0.1,3.0,0.0,42,43,0.0011406165693926531,0.0
50,1000,0.1,3.0,0.25,42,44,0.00038240885149564747,0.0
50,1000,0.1,3.0,0.5,36,38,0.0017682217903548763,0.0
50,1000,0.1,3.0,1.0,39,40,0.0008679240536833997,0.0
50,1000,0.2,1.0,0.0,30,31,0.0035191918085099028,0.0
50,1000,0.2,1.0,0.25,44,44,0.0021019598894994086,0.0
50,1000,0.2,1.0,0.5,29,29,0.0048749595683028335,0.0
50,1000,0.2,1.0,1.0,35,38,0.002410104983585438,0.0
50,1000,0.2,1.5,0.0,31,33,0.005042989819242908,0.0
50,1000,0.2,1.5,0.25,34,35,0.003365026722834268,0.0
50,1000,0.2,1.5,0.5,34,35,0.004705642031823867,0.0
50,1000,0.2,1.5,1.0,32,32,0.0054490012742083845,0.0
50,1000,0.2,2.0,0.0,30,31,0.006349956350201798,0.0
50,1000,0.2,2.0,0.25,31,34,0.008370816175709972,0.0
50,1000,0.2,2.0,0.5,33,33,0.007026497011157179,0.0
50,1000,0.2,2.0,1.0,30,30,0.010301901739088275,0.0
50,1000,0.2,3.0,0.0,31,35,0.007546510436279943,0.0
50,1000,0.2,3.0,0.25,28,30,0.01019624176417355,0.0
50,1000,0.2,3.0,0.5,22,26,0.01781534894414767,0.00480701144644363
50,1000,0.2,3.0,1.0,23,26,0.022104633930813807,0.00240244859915603
50,5000,0.01,1.0,0.0,41,43,0.00015559563921217081,0.0
50,5000,0.01,1.0,0.25,44,46,0.0003155306286263438,0.0
50,5000,0.01,1.0,0.5,39,41,0.0003809403022433588,0.0
50,5000,0.01,1.0,1.0,40,43,0.0008838251755594056,0.0
50,5000,0.01,1.5,0.0,42,44,0.0004296845858832202,0.0
50,5000,0.01,1.5,0.25,37,42,0.0009990878433527228,0.0
50,5000,0.01,1.5,0.5,42,44,0.0004996746583521817,0.0
50,5000,0.01,1.5,1.0,35,39,0.0010130170250202777,0.0
50,5000,0.01,2.0,0.0,42,44,0.0001693767168288212,0.0
50,5000,0.01,2.0,0.25,38,38,0.0006108546529678686,0.0
50,5000,0.01,2.0,0.5,39,41,0.0005177727990071582,0.0
50,5000,0.01,2.0,1.0,36,43,0.0006203948286942618,0.0
50,5000,0.01,3.0,0.0,40,44,0.0003287205002650958,0.0
50,5000,0.01,3.0,0.25,40,42,0.00024386063176972368,0.0
50,5000,0.01,3.0,0.5,37,40,0.0005283870793956505,0.0
50,5000,0.01,3.0,1.0,38,39,0.00022571515538210337,0.0
50,5000,0.03,1.0,0.0,44,44,0.00034503935420278256,0.0
50,5000,0.03,1.0,0.25,43,47,0.0003720967065744935,0.0
50,5000,0.03,1.0,0.5,44,47,0.00023035266017989054,0.0
50,5000,0.03,1.0,1.0,48,48,0.0,0.0
50,5000,0.03,1.5,0.0,44,45,0.0002578596992116739,0.0
50,5000,0.03,1.5,0.25,43,45,0.0004463810741885019,0.0
50,5000,0.03,1.5,0.5,44,44,6.961342254853086e-05,0.0
50,5000,0.03,1.5,1.0,35,38,0.0003945877955567022,0.0
50,5000,0.03,2.0,0.0,37,38,0.0010321575916627421,0.0
50,5000,0.03,2.0,0.25,38,43,0.0006412634254808747,0.0
50,5000,0.03,2.0,0.5,44,45,0.00012240170945606476,0.0
50,5000,0.03,2.0,1.0,40,43,0.0008400393034169473,0.0
50,5000,0.03,3.0,0.0,39,43,0.0005335300535137274,0.0
50,5000,0.03,3.0,0.25,37,40,0.0007223334896557887,0.0
50,5000,0.03,3.0,0.5,45,46,5.6260483837191415e-05,0.0
50,5000,0.03,3.0,1.0,34,39,0.0004531702309966662,0.0
50,5000,0.05,1.0,0.0,37,45,0.0006336001910655656,0.0
50,5000,0.05,1.0,0.25,39,43,0.0008176004423932251,0.0
50,5000,0.05,1.0,0.5,44,46,9.958039328580699e-05,0.0
50,5000,0.05,1.0,1.0,41,43,0.00033081416618644484,0.0
50,5000,0.05,1.5,0.0,43,44,0.0004339506437020345,0.0
50,5000,0.05,1.5,0.25,42,43,0.00045487669762753327,0.0
50,5000,0.05,1.5,0.5,37,42,0.0007248484623215592,0.0
50,5000,0.05,1.5,1.0,44,45,0.00022737469747221127,0.0
50,5000,0.05,2.0,0.0,43,45,0.0006923464709147456,0.0
50,5000,0.05,2.0,0.25,44,46,0.00019784320177260907,0.0
50,5000,0.05,2.0,0.5,41,42,0.00039668475437487123,0.0
50,5000,0.05,2.0,1.0,38,44,0.000559314079976147,0.0
50,5000,0.05,3.0,0.0,40,41,0.0003840300432433892,0.0
50,5000,0.05,3.0,0.25,42,45,0.0001461737845398338,0.0
50,5000,0.05,3.0,0.5,43,46,0.00037871444680163827,0.0
50,5000,0.05,3.0,1.0,44,45,0.00016185623973061586,0.0
50,5000,0.1,1.0,0.0,43,44,0.00045005850506900515,0.0
50,5000,0.1,1.0,0.25,36,40,0.0013417169418176345,0.0
50,5000,0.1,1.0,0.5,39,42,0.0009479574840476553,0.0
50,5000,0.1,1.0,1.0,44,47,0.0005901779867420509,0.0
50,5000,0.1,1.5,0.0,40,40,0.0013867570152710342,0.0
50,5000,0.1,1.5,0.25,45,47,0.000292664724794659,0.0
50,5000,0.1,1.5,0.5,47,49,8.051760452075389e-05,0.0
50,5000,0.1,1.5,1.0,40,43,0.0009907329699213238,0.0
50,5000,0.1,2.0,0.0,42,42,0.0017044717527747962,0.0
50,5000,0.1,2.0,0.25,38,39,0.0008074681236006873,0.0
50,5000,0.1,2.0,0.5,43,46,0.0001744564707731934,0.0
50,5000,0.1,2.0,1.0,40,43,0.0007702635260119941,0.0
50,5000,0.1,3.0,0.0,39,41,0.0013624017570094149,0.0
50,5000,0.1,3.0,0.25,42,45,0.00029946128933751456,0.0
50,5000,0.1,3.0,0.5,44,46,0.00022741178553708247,0.0
50,5000,0.1,3.0,1.0,41,45,0.0003735350791573679,0.0
50,5000,0.2,1.0,0.0,38,38,0.0021225756876078468,0.0
50,5000,0.2,1.0,0.25,42,43,0.0011913159068850383,0.0
50,5000,0.2,1.0,0.5,41,43,0.0006616274343786907,0.0
50,5000,0.2,1.0,1.0,44,45,0.0006110077332804444,0.0
50,5000,0.2,1.5,0.0,34,34,0.005096355026660233,0.0
50,5000,0.2,1.5,0.25,40,42,0.0018118313624765443,0.0
50,5000,0.2,1.5,0.5,38,39,0.0018021817281931667,0.0
50,5000,0.2,1.5,1.0,43,45,0.00016420622499461337,0.0
50,5000,0.2,2.0,0.0,28,29,0.013303054238367737,0.0
50,5000,0.2,2.0,0.25,40,43,0.002155850358494282,0.0
50,5000,0.2,2.0,0.5,42,45,0.000261466324863344,0.0
50,5000,0.2,2.0,1.0,42,43,0.0005920436879879087,0.0
50,5000,0.2,3.0,0.0,24,25,0.015117487056019008,0.0008959058587364038
50,5000,0.2,3.0,0.25,32,33,0.003152653285198909,0.0
50,5000,0.2,3.0,0.5,45,46,0.000158222442591289,0.0
50,5000,0.2,3.0,1.0,44,45,0.00015498659207946236,0.0
100,100,0.01,1.0,0.0,39,40,0.000629458904369348,0.0
100,100,0.01,1.0,0.25,40,43,0.0005092759390346324,0.0
100,100,0.01,1.0,0.5,40,41,0.0005442795388394394,0.0
100,100,0.01,1.0,1.0,46,46,0.0002449950474684242,0.0
100,100,0.01,1.5,0.0,38,39,0.0002844540823492066,0.0
100,100,0.01,1.5,0.25,34,36,0.0005624733292469358,0.0
100,100,0.01,1.5,0.5,40,42,0.0001363958946799348,0.0
100,100,0.01,1.5,1.0,40,40,0.0008385787795856705,0.0
100,100,0.01,2.0,0.0,32,35,0.0006009555833908719,0.0
100,100,0.01,2.0,0.25,36,37,0.0003559708968228172,0.0
100,100,0.01,2.0,0.5,39,39,0.00018484675037253428,0.0
100,100,0.01,2.0,1.0,44,44,0.0001319654121898734,0.0
100,100,0.01,3.0,0.0,32,33,0.0003057149186477264,0.0
100,100,0.01,3.0,0.25,38,39,4.644074412493995e-05,0.0
100,100,0.01,3.0,0.5,36,38,0.00020646553169363717,0.0
100,100,0.01,3.0,1.0,39,40,0.0005997721543805973,0.0
100,100,0.03,1.0,0.0,36,40,0.0009994159822053206,0.0
100,100,0.03,1.0,0.25,40,41,0.0004421767127369508,0.0
100,100,0.03,1.0,0.5,40,40,0.0009665368870294084,0.0
100,100,0.03,1.0,1.0,35,37,0.0022378645462850927,0.0
100,100,0.03,1.5,0.0,44,45,0.0003328548412327203,0.0
100,100,0.03,1.5,0.25,39,40,0.00027448007233700256,0.0
100,100,0.03,1.5,0.5,44,45,0.000417491692020834,0.0
100,100,0.03,1.5,1.0,28,30,0.0084407212771014,0.0
100,100,0.03,2.0,0.0,42,42,0.0004156731890219114,0.0
100,100,0.03,2.0,0.25,44,44,0.0003186146513671431,0.0
100,100,0.03,2.0,0.5,46,46,0.0002841956636307978,0.0
100,100,0.03,2.0,1.0,23,24,0.021065385863302602,0.0005265969825022122
100,100,0.03,3.0,0.0,42,43,7.291330539127422e-05,0.0
100,100,0.03,3.0,0.25,42,43,0.00016801789167805685,0.0
100,100,0.03,3.0,0.5,41,41,0.00013298028340141328,0.0
100,100,0.03,3.0,1.0,17,17,0.04185411233520633,0.014304239349828954
100,100,0.05,1.0,0.0,46,47,0.0004949026834178864,0.0
100,100,0.05,1.0,0.25,40,41,0.0008995914099367356,0.0
100,100,0.05,1.0,0.5,40,40,0.0010873152886705757,0.0
100,100,0.05,1.0,1.0,14,15,0.05794059754492615,0.009112029983382463
100,100,0.05,1.5,0.0,39,41,0.0006853956065701252,0.0
100,100,0.05,1.5,0.25,40,43,0.00036999150042937466,0.0
100,100,0.05,1.5,0.5,46,46,0.00029923581568047565,0.0
100,100,0.05,1.5,1.0,14,15,0.07195448897390574,0.011705234820001754
100,100,0.05,2.0,0.0,44,44,0.00016995343550320154,0.0
100,100,0.05,2.0,0.25,45,45,0.0002678012844114726,0.0
100,100,0.05,2.0,0.5,44,44,0.00035187980793964735,0.0
100,100,0.05,2.0,1.0,9,9,0.13415105250345996,0.1666520743421897
100,100,0.05,3.0,0.0,35,36,0.00022138359940859366,0.0
100,100,0.05,3.0,0.25,42,43,1.781960306834855e-05,0.0
100,100,0.05,3.0,0.5,40,42,0.0011784898962688359,0.0
100,100,0.05,3.0,1.0,4,5,0.159006108217458,0.18102093613496628
100,100,0.1,1.0,0.0,40,43,0.0006327791241066003,0.0
100,100,0.1,1.0,0.25,42,42,0.0009023483557794626,0.0
100,100,0.1,1.0,0.5,38,38,0.0029429797798560388,0.0
100,100,0.1,1.0,1.0,1,3,0.5168501132406114,0.5942536911055807
100,100,0.1,1.5,0.0,47,47,0.00030510100749202247,0.0
100,100,0.1,1.5,0.25,42,43,0.0009727874979187857,0.0
100,100,0.1,1.5,0.5,31,33,0.009570696570165982,0.0
100,100,0.1,1.5,1.0,8,8,0.3482304605226714,0.4188686537294677
100,100,0.1,2.0,0.0,44,44,0.0001499232624156009,0.0
100,100,0.1,2.0,0.25,41,42,0.0008844984906278647,0.0
100,100,0.1,2.0,0.5,25,26,0.012479685535680726,0.0
100,100,0.1,2.0,1.0,11,11,0.27659780038264536,0.34527548628542126
100,100,0.1,3.0,0.0,37,39,0.0006539136015480015,0.0
100,100,0.1,3.0,0.25,28,32,0.005644802957546734,0.0
100,100,0.1,3.0,0.5,14,14,0.05007985856166347,0.03357009922634005
100,100,0.1,3.0,1.0,8,8,0.24931732306403037,0.28076725345926346
100,100,0.2,1.0,0.0,41,41,0.0009614215059835169,0.0
100,100,0.2,1.0,0.25,36,37,0.0034656247447645105,0.0
100,100,0.2,1.0,0.5,17,17,0.09630047716237561,0.009488461672323941
100,100,0.2,1.0,1.0,2,3,0.4515508370627607,0.499978454457251
100,100,0.2,1.5,0.0,41,42,0.0010416126565488905,0.0
100,100,0.2,1.5,0.25,28,28,0.022729865343906377,0.0
100,100,0.2,1.5,0.5,10,10,0.16180554841517641,0.21540847796831036
100,100,0.2,1.5,1.0,0,1,0.5162671450280749,0.5455269521882353
100,100,0.2,2.0,0.0,42,42,0.0014316176873323233,0.0
100,100,0.2,2.0,0.25,19,21,0.03792824764500168,0.0035369357008310804
100,100,0.2,2.0,0.5,9,10,0.22244682423423096,0.27543975512592683
100,100,0.2,2.0,1.0,5,5,0.39072470693479305,0.4600430661233459
100,100,0.2,3.0,0.0,28,30,0.009197660332864118,0.0
100,100,0.2,3.0,0.25,15,15,0.06801372308972266,0.060117428125828876
100,100,0.2,3.0,0.5,15,15,0.17603036601184952,0.22749504669930204
100,100,0.2,3.0,1.0,15,15,0.30793973524834245,0.3523129927748203
100,250,0.01,1.0,0.0,35,39,0.0011099667697018897,0.0
100,250,0.01,1.0,0.25,40,42,0.00029912487412841066,0.0
100,250,0.01,1.0,0.5,43,44,0.0001526887293956565,0.0
100,250,0.01,1.0,1.0,29,37,0.0009372054227821502,0.0
100,250,0.01,1.5,0.0,40,43,0.0007405967854318146,0.0
100,250,0.01,1.5,0.25,39,43,0.0003532052800713898,0.0
100,250,0.01,1.5,0.5,43,45,0.00035782811985899705,0.0
100,250,0.01,1.5,1.0,45,46,0.00022800690664802635,0.0
100,250,0.01,2.0,0.0,37,37,0.0005098988963508106,0.0
100,250,0.01,2.0,0.25,34,41,0.0008107242364781953,0.0
100,250,0.01,2.0,0.5,37,38,0.00040556786942535497,0.0
100,250,0.01,2.0,1.0,40,41,0.00016527436887524088,0.0
100,250,0.01,3.0,0.0,31,35,0.0004976134242064518,0.0
100,250,0.01,3.0,0.25,34,35,0.00022405183307509777,0.0
100,250,0.01,3.0,0.5,35,37,0.00012063012965314563,0.0
100,250,0.01,3.0,1.0,40,40,0.00019747436229399464,0.0
100,250,0.03,1.0,0.0,40,42,0.0003217603233032261,0.0
100,250,0.03,1.0,0.25,40,43,0.00034623629237808673,0.0
100,250,0.03,1.0,0.5,40,40,0.00032734971860830237,0.0
100,250,0.03,1.0,1.0,39,39,0.0009750776572103398,0.0
100,250,0.03,1.5,0.0,39,41,0.00023006138433986114,0.0
100,250,0.03,1.5,0.25,40,41,0.0001939131529443762,0.0
100,250,0.03,1.5,0.5,44,45,0.00037579213419927036,0.0
100,250,0.03,1.5,1.0,42,44,0.00022351515048601992,0.0
100,250,0.03,2.0,0.0,42,43,0.0002851392943632024,0.0
100,250,0.03,2.0,0.25,40,42,5.61842983508224e-05,0.0
100,250,0.03,2.0,0.5,38,40,0.000355850129293073,0.0
100,250,0.03,2.0,1.0,42,42,0.0008748503749917358,0.0
100,250,0.03,3.0,0.0,39,40,0.00017505016284570955,0.0
100,250,0.03,3.0,0.25,35,37,0.0002695058197650686,0.0
100,250,0.03,3.0,0.5,37,37,0.00037858319013461177,0.0
100,250,0.03,3.0,1.0,37,39,0.001692834532912956,0.0
100,250,0.05,1.0,0.0,41,44,0.0004057016179420434,0.0
100,250,0.05,1.0,0.25,38,40,0.0006509678276381508,0.0
100,250,0.05,1.0,0.5,41,42,0.0004648761776263997,0.0
100,250,0.05,1.0,1.0,42,42,0.0013909031409935874,0.0
100,250,0.05,1.5,0.0,39,41,0.000563839101861377,0.0
100,250,0.05,1.5,0.25,40,40,0.0005503254125589794,0.0
100,250,0.05,1.5,0.5,44,44,0.0002496002348779365,0.0
100,250,0.05,1.5,1.0,38,39,0.0012793531016420895,0.0
100,250,0.05,2.0,0.0,38,40,0.0004488811632792397,0.0
100,250,0.05,2.0,0.25,42,42,0.00038540369563970506,0.0
100,250,0.05,2.0,0.5,44,46,0.00014400845312568833,0.0
100,250,0.05,2.0,1.0,33,33,0.002878223973491205,0.0
100,250,0.05,3.0,0.0,39,40,2.239298808518392e-05,0.0
100,250,0.05,3.0,0.25,44,44,0.0,0.0
100,250,0.05,3.0,0.5,39,42,0.000175837185704128,0.0
100,250,0.05,3.0,1.0,23,24,0.012397561309946278,0.0009373207522228554
100,250,0.1,1.0,0.0,44,44,0.0002005505302302648,0.0
100,250,0.1,1.0,0.25,41,42,0.000555029774055188,0.0
100,250,0.1,1.0,0.5,44,45,0.0006731657795890681,0.0
100,250,0.1,1.0,1.0,34,35,0.0037086122386362215,0.0
100,250,0.1,1.5,0.0,46,46,0.0002448263132388316,0.0
100,250,0.1,1.5,0.25,42,43,0.0006959844930732247,0.0
100,250,0.1,1.5,0.5,41,42,0.0009049919284442018,0.0
100,250,0.1,1.5,1.0,19,21,0.040903708323650874,0.0074713235985840246
100,250,0.1,2.0,0.0,40,44,0.0004322957566843613,0.0
100,250,0.1,2.0,0.25,44,44,0.0002395678646788587,0.0
100,250,0.1,2.0,0.5,40,42,0.0006503966980367969,0.0
100,250,0.1,2.0,1.0,17,17,0.06940501578141282,0.02198505015175921
100,250,0.1,3.0,0.0,38,39,0.0002869127814607325,0.0
100,250,0.1,3.0,0.25,36,37,0.0015563443887559023,0.0
100,250,0.1,3.0,0.5,30,32,0.008489599833868471,0.0
100,250,0.1,3.0,1.0,12,12,0.09995503113623391,0.11310136394525377
100,250,0.2,1.0,0.0,44,45,0.0004257318190544674,0.0
100,250,0.2,1.0,0.25,35,35,0.002689580417811994,0.0
100,250,0.2,1.0,0.5,32,32,0.00824441463744286,0.0
100,250,0.2,1.0,1.0,4,4,0.3620313401814749,0.44003358681944765
100,250,0.2,1.5,0.0,43,44,0.0005005229256630577,0.0
100,250,0.2,1.5,0.25,33,34,0.007317157377932874,0.0
100,250,0.2,1.5,0.5,21,23,0.021134124863349174,0.0020644507580304654
100,250,0.2,1.5,1.0,6,6,0.24379721030193494,0.3445824198696473
100,250,0.2,2.0,0.0,37,37,0.0026278095129013334,0.0
100,250,0.2,2.0,0.25,22,25,0.012479314627124184,3.3977642895088866e-07
100,250,0.2,2.0,0.5,14,14,0.06005194004537877,0.02280622987998162
100,250,0.2,2.0,1.0,13,14,0.2209425836906262,0.30085419492173393
100,250,0.2,3.0,0.0,22,25,0.011064265145419252,0.0
100,250,0.2,3.0,0.25,13,13,0.04049705235930668,0.024980096346585337
100,250,0.2,3.0,0.5,15,16,0.09352771611227868,0.0937692193668617
100,250,0.2,3.0,1.0,13,13,0.23248155521261618,0.29008319024337986
100,500,0.01,1.0,0.0,34,36,0.000614544276186086,0.0
100,500,0.01,1.0,0.25,44,45,0.0003707170252387799,0.0
100,500,0.01,1.0,0.5,37,37,0.0005142513188030399,0.0
100,500,0.01,1.0,1.0,40,42,0.0006066816906325207,0.0
100,500,0.01,1.5,0.0,39,40,0.0002092353554353979,0.0
100,500,0.01,1.5,0.25,30,33,0.0012456379297838718,0.0
100,500,0.01,1.5,0.5,36,40,0.00019454704736069367,0.0
100,500,0.01,1.5,1.0,39,39,0.00030185670522231986,0.0
100,500,0.01,2.0,0.0,43,43,0.00019816379813214344,0.0
100,500,0.01,2.0,0.25,38,40,0.00013312736021193073,0.0
100,500,0.01,2.0,0.5,35,37,0.00087626854583196,0.0
100,500,0.01,2.0,1.0,40,40,0.0009552354413988546,0.0
100,500,0.01,3.0,0.0,32,34,0.0002264561546587486,0.0
100,500,0.01,3.0,0.25,41,44,0.0003693130493814227,0.0
100,500,0.01,3.0,0.5,31,33,0.000504641391286829,0.0
100,500,0.01,3.0,1.0,37,38,0.0004825960386469302,0.0
100,500,0.03,1.0,0.0,42,44,0.0008335280842766535,0.0
100,500,0.03,1.0,0.25,38,43,0.0006134033447755157,0.0
100,500,0.03,1.0,0.5,40,41,0.0006834257890622342,0.0
100,500,0.03,1.0,1.0,40,42,0.000552113351528929,0.0
100,500,0.03,1.5,0.0,38,39,0.0005571524112779,0.0
100,500,0.03,1.5,0.25,36,40,0.0005505104350433481,0.0
100,500,0.03,1.5,0.5,39,44,0.00017409198368147395,0.0
100,500,0.03,1.5,1.0,41,42,0.00028491378154319813,0.0
100,500,0.03,2.0,0.0,37,39,9.493991319104063e-05,0.0
100,500,0.03,2.0,0.25,41,41,0.0006914728501639036,0.0
100,500,0.03,2.0,0.5,40,40,0.00027937769534493694,0.0
100,500,0.03,2.0,1.0,42,44,3.9467024966401905e-05,0.0
100,500,0.03,3.0,0.0,34,38,0.0003699955566513312,0.0
100,500,0.03,3.0,0.25,38,40,0.00029229061496699536,0.0
100,500,0.03,3.0,0.5,40,42,5.7125458664743914e-05,0.0
100,500,0.03,3.0,1.0,40,43,3.824222919678391e-05,0.0
100,500,0.05,1.0,0.0,39,39,0.000588186345046612,0.0
100,500,0.05,1.0,0.25,46,47,5.952735700838575e-05,0.0
100,500,0.05,1.0,0.5,43,44,0.0006121998557480863,0.0
100,500,0.05,1.0,1.0,38,39,0.0009297989729558331,0.0
100,500,0.05,1.5,0.0,44,44,0.00024582207212862917,0.0
100,500,0.05,1.5,0.25,41,44,0.000312671058187891,0.0
100,500,0.05,1.5,0.5,44,45,0.0004270185353862277,0.0
100,500,0.05,1.5,1.0,41,42,0.0006953086317359077,0.0
100,500,0.05,2.0,0.0,38,39,0.0003188210948313037,0.0
100,500,0.05,2.0,0.25,42,44,0.0,0.0
100,500,0.05,2.0,0.5,47,48,5.633320491631566e-05,0.0
100,500,0.05,2.0,1.0,42,42,0.0001554049777975035,0.0
100,500,0.05,3.0,0.0,45,45,0.0,0.0
100,500,0.05,3.0,0.25,42,46,7.918080853133224e-05,0.0
100,500,0.05,3.0,0.5,39,43,6.650649269750466e-05,0.0
100,500,0.05,3.0,1.0,41,43,0.0005159115980014631,0.0
100,500,0.1,1.0,0.0,40,42,0.0004490942489869113,0.0
100,500,0.1,1.0,0.25,40,40,0.001244531292161234,0.0
100,500,0.1,1.0,0.5,42,43,0.0011181739045426683,0.0
100,500,0.1,1.0,1.0,37,37,0.001008531969449092,0.0
100,500,0.1,1.5,0.0,45,47,0.00011357012703814714,0.0
100,500,0.1,1.5,0.25,47,47,4.148824096843418e-05,0.0
100,500,0.1,1.5,0.5,41,41,0.0005980840521744332,0.0
100,500,0.1,1.5,1.0,36,38,0.001345498546210742,0.0
100,500,0.1,2.0,0.0,43,44,0.00014244795967354305,0.0
100,500,0.1,2.0,0.25,47,47,3.132165149121693e-05,0.0
100,500,0.1,2.0,0.5,45,46,0.00020634696558977358,0.0
100,500,0.1,2.0,1.0,40,41,0.0022106923830793558,0.0
100,500,0.1,3.0,0.0,41,45,2.1615993533602163e-05,0.0
100,500,0.1,3.0,0.25,42,42,0.0013042706781569088,0.0
100,500,0.1,3.0,0.5,37,40,0.00026285423769732556,0.0
100,500,0.1,3.0,1.0,33,35,0.006907992324969378,0.0
100,500,0.2,1.0,0.0,43,43,0.0005688050541292379,0.0
100,500,0.2,1.0,0.25,38,38,0.0018060097378897711,0.0
100,500,0.2,1.0,0.5,40,41,0.0014670311888609563,0.0
100,500,0.2,1.0,1.0,31,33,0.005064133626809946,0.0
100,500,0.2,1.5,0.0,39,39,0.0011594470570580626,0.0
100,500,0.2,1.5,0.25,37,37,0.0016839485565534043,0.0
100,500,0.2,1.5,0.5,31,32,0.004337896160787248,0.0
100,500,0.2,1.5,1.0,22,23,0.03459047524883602,0.0035170293577751807
100,500,0.2,2.0,0.0,43,44,0.0008342375955892736,0.0
100,500,0.2,2.0,0.25,42,44,0.0011992951897412318,0.0
100,500,0.2,2.0,0.5,24,25,0.012276985031069316,0.0
100,500,0.2,2.0,1.0,23,24,0.04760659978154289,0.0014958207025738118
100,500,0.2,3.0,0.0,27,30,0.011533434486101023,0.0
100,500,0.2,3.0,0.25,23,23,0.020530335493373793,0.0005175498253013923
100,500,0.2,3.0,0.5,18,18,0.0454039021932273,0.023111896955389448
100,500,0.2,3.0,1.0,12,12,0.09534232141427221,0.10616921807391004
100,1000,0.01,1.0,0.0,40,40,7.679931457924297e-05,0.0
100,1000,0.01,1.0,0.25,44,45,0.00015913061495142849,0.0
100,1000,0.01,1.0,0.5,40,42,0.00013138873952608113,0.0
100,1000,0.01,1.0,1.0,35,37,0.0007700086524452423,0.0
100,1000,0.01,1.5,0.0,39,39,0.00024267309452268148,0.0
100,1000,0.01,1.5,0.25,36,37,0.00021874004568324002,0.0
100,1000,0.01,1.5,0.5,37,39,0.0005831124041300388,0.0
100,1000,0.01,1.5,1.0,38,38,0.0005784145345627896,0.0
100,1000,0.01,2.0,0.0,34,39,0.0006226431344374611,0.0
100,1000,0.01,2.0,0.25,34,36,0.00016908175820621728,0.0
100,1000,0.01,2.0,0.5,39,39,0.0005997365030106065,0.0
100,1000,0.01,2.0,1.0,33,34,0.0003283366594282378,0.0
100,1000,0.01,3.0,0.0,34,34,0.0007462674380741671,0.0
100,1000,0.01,3.0,0.25,32,35,0.0005790381150324933,0.0
100,1000,0.01,3.0,0.5,28,33,0.00031215416881441333,0.0
100,1000,0.01,3.0,1.0,32,36,0.0007212509918953218,0.0
100,1000,0.03,1.0,0.0,36,39,0.001079898931130746,0.0
100,1000,0.03,1.0,0.25,43,46,0.0003161880345117141,0.0
100,1000,0.03,1.0,0.5,46,46,6.978280699144427e-05,0.0
100,1000,0.03,1.0,1.0,40,41,0.0005861840709003004,0.0
100,1000,0.03,1.5,0.0,43,46,6.744105467674746e-05,0.0
100,1000,0.03,1.5,0.25,38,44,0.00040095507306258694,0.0
100,1000,0.03,1.5,0.5,44,46,0.00036407503022011797,0.0
100,1000,0.03,1.5,1.0,37,40,0.00021652276092932744,0.0
100,1000,0.03,2.0,0.0,38,40,0.0006905737881492208,0.0
100,1000,0.03,2.0,0.25,42,42,8.95365535557318e-05,0.0
100,1000,0.03,2.0,0.5,45,45,0.000204256796200927,0.0
100,1000,0.03,2.0,1.0,39,43,0.000250433961277532,0.0
100,1000,0.03,3.0,0.0,37,39,0.00012180415159858738,0.0
100,1000,0.03,3.0,0.25,40,41,5.194749522969992e-05,0.0
100,1000,0.03,3.0,0.5,35,37,0.0003236570509561659,0.0
100,1000,0.03,3.0,1.0,40,41,0.0004254559109229162,0.0
100,1000,0.05,1.0,0.0,45,46,0.00024097156353919443,0.0
100,1000,0.05,1.0,0.25,38,42,0.0004793951737460018,0.0
100,1000,0.05,1.0,0.5,36,38,0.0005016805650830461,0.0
100,1000,0.05,1.0,1.0,44,44,0.00016754861292547058,0.0
100,1000,0.05,1.5,0.0,42,44,8.48298949877907e-05,0.0
100,1000,0.05,1.5,0.25,43,44,9.08849611337026e-06,0.0
100,1000,0.05,1.5,0.5,38,39,0.0002874678856365374,0.0
100,1000,0.05,1.5,1.0,43,44,0.00027426150284977455,0.0
100,1000,0.05,2.0,0.0,44,45,0.000241118908356304,0.0
100,1000,0.05,2.0,0.25,41,42,0.00024635939925821593,0.0
100,1000,0.05,2.0,0.5,40,42,0.00012258973146293448,0.0
100,1000,0.05,2.0,1.0,38,40,0.00038590796057747894,0.0
100,1000,0.05,3.0,0.0,43,43,0.00020093090065934874,0.0
100,1000,0.05,3.0,0.25,33,35,0.0001371677829790203,0.0
100,1000,0.05,3.0,0.5,42,42,3.262606943020968e-06,0.0
100,1000,0.05,3.0,1.0,38,38,2.413335645448225e-05,0.0
100,1000,0.1,1.0,0.0,43,46,0.0005967737439605627,0.0
100,1000,0.1,1.0,0.25,41,42,0.0005516223994363974,0.0
100,1000,0.1,1.0,0.5,41,42,0.0009060226324961277,0.0
100,1000,0.1,1.0,1.0,37,42,0.00042375980452046544,0.0
100,1000,0.1,1.5,0.0,43,45,0.00016282620678127613,0.0
100,1000,0.1,1.5,0.25,43,45,0.00015687177668600067,0.0
100,1000,0.1,1.5,0.5,47,47,8.481114875374784e-05,0.0
100,1000,0.1,1.5,1.0,39,40,0.0004594386390971128,0.0
100,1000,0.1,2.0,0.0,40,40,0.0002651001213950222,0.0
100,1000,0.1,2.0,0.25,43,44,0.0002090179792610386,0.0
100,1000,0.1,2.0,0.5,45,46,4.417322595760227e-05,0.0
100,1000,0.1,2.0,1.0,44,45,0.00031091996411796477,0.0
100,1000,0.1,3.0,0.0,43,43,0.0005188062263908775,0.0
100,1000,0.1,3.0,0.25,42,42,0.00018801509720157427,0.0
100,1000,0.1,3.0,0.5,35,36,0.00046225275818367217,0.0
100,1000,0.1,3.0,1.0,36,37,0.0006534971754715371,0.0
100,1000,0.2,1.0,0.0,36,37,0.0013822547280911257,0.0
100,1000,0.2,1.0,0.25,41,42,0.0010446759509237153,0.0
100,1000,0.2,1.0,0.5,40,41,0.0009109406826201974,0.0
100,1000,0.2,1.0,1.0,44,45,0.0008783652331649267,0.0
100,1000,0.2,1.5,0.0,44,44,0.0009578907662538729,0.0
100,1000,0.2,1.5,0.25,37,39,0.0010743365223749007,0.0
100,1000,0.2,1.5,0.5,41,41,0.0010032436316073196,0.0
100,1000,0.2,1.5,1.0,44,44,0.00042889233333935585,0.0
100,1000,0.2,2.0,0.0,41,42,0.0021406932495139598,0.0
100,1000,0.2,2.0,0.25,41,41,0.0017078490416413239,0.0
100,1000,0.2,2.0,0.5,37,39,0.0010890261952406666,0.0
100,1000,0.2,2.0,1.0,45,45,0.0010572224137374658,0.0
100,1000,0.2,3.0,0.0,28,30,0.008757893768465124,0.0
100,1000,0.2,3.0,0.25,28,30,0.007819874990208621,0.0
100,1000,0.2,3.0,0.5,25,25,0.010086188661518423,0.0
100,1000,0.2,3.0,1.0,24,25,0.010612635752573185,0.0
100,5000,0.01,1.0,0.0,41,42,0.0004645705179580314,0.0
100,5000,0.01,1.0,0.25,34,36,0.0004206249630581862,0.0
100,5000,0.01,1.0,0.5,32,33,0.00014517951606389238,0.0
100,5000,0.01,1.0,1.0,35,39,0.000282185801721046,0.0
100,5000,0.01,1.5,0.0,40,40,0.0,0.0
100,5000,0.01,1.5,0.25,30,30,0.00027267574658600515,0.0
100,5000,0.01,1.5,0.5,40,40,0.0003209366994421535,0.0
100,5000,0.01,1.5,1.0,31,34,0.00039640771151662794,0.0
100,5000,0.01,2.0,0.0,37,41,0.0004481466252261783,0.0
100,5000,0.01,2.0,0.25,34,36,9.081925227705686e-05,0.0
100,5000,0.01,2.0,0.5,33,35,0.0001122797475700281,0.0
100,5000,0.01,2.0,1.0,32,34,0.0009607410185049862,0.0
100,5000,0.01,3.0,0.0,26,28,0.00034625024930783684,0.0
100,5000,0.01,3.0,0.25,35,36,0.0003194312667019184,0.0
100,5000,0.01,3.0,0.5,33,34,0.0002981899173133909,0.0
100,5000,0.01,3.0,1.0,34,34,0.0009018231246017595,0.0
100,5000,0.03,1.0,0.0,37,41,0.0006216948687542774,0.0
100,5000,0.03,1.0,0.25,38,39,0.0004890203848679778,0.0
100,5000,0.03,1.0,0.5,39,40,0.0007711261040888693,0.0
100,5000,0.03,1.0,1.0,31,35,0.0009329145037275273,0.0
100,5000,0.03,1.5,0.0,42,42,0.0004892850076039907,0.0
100,5000,0.03,1.5,0.25,39,40,0.000494036826531425,0.0
100,5000,0.03,1.5,0.5,36,40,0.000969069384883109,0.0
100,5000,0.03,1.5,1.0,41,42,0.00011553348713313906,0.0
100,5000,0.03,2.0,0.0,38,41,1.2133661172396143e-05,0.0
100,5000,0.03,2.0,0.25,37,39,0.0005492381849095315,0.0
100,5000,0.03,2.0,0.5,40,42,0.0005482508588345461,0.0
100,5000,0.03,2.0,1.0,38,39,0.0007366552071769253,0.0
100,5000,0.03,3.0,0.0,36,37,8.987646864053247e-05,0.0
100,5000,0.03,3.0,0.25,38,39,0.00033822997559627505,0.0
100,5000,0.03,3.0,0.5,34,39,0.0005802720630960094,0.0
100,5000,0.03,3.0,1.0,34,37,0.0003000889287265628,0.0
100,5000,0.05,1.0,0.0,44,45,0.00032962429451707353,0.0
100,5000,0.05,1.0,0.25,42,45,0.0006885617799234345,0.0
100,5000,0.05,1.0,0.5,43,43,0.00043945944816900935,0.0
100,5000,0.05,1.0,1.0,36,38,0.0004795518870481797,0.0
100,5000,0.05,1.5,0.0,41,43,0.00027663103800831915,0.0
100,5000,0.05,1.5,0.25,39,40,0.00011440002300583743,0.0
100,5000,0.05,1.5,0.5,35,36,0.00039343106681137373,0.0
100,5000,0.05,1.5,1.0,38,40,0.00029820233306646386,0.0
100,5000,0.05,2.0,0.0,44,44,0.00045022534175625183,0.0
100,5000,0.05,2.0,0.25,39,41,0.00018012002241818718,0.0
100,5000,0.05,2.0,0.5,30,32,0.0009041228262702096,0.0
100,5000,0.05,2.0,1.0,36,38,0.001052185117677608,0.0
100,5000,0.05,3.0,0.0,38,40,0.000490430076409857,0.0
100,5000,0.05,3.0,0.25,38,41,0.00017037448459226662,0.0
100,5000,0.05,3.0,0.5,35,39,0.0004510767452286874,0.0
100,5000,0.05,3.0,1.0,31,34,0.00022970442773158649,0.0
100,5000,0.1,1.0,0.0,41,42,0.000274342362865285,0.0
100,5000,0.1,1.0,0.25,42,42,0.0007536936872198474,0.0
100,5000,0.1,1.0,0.5,45,45,0.00011088718805827728,0.0
100,5000,0.1,1.0,1.0,39,40,0.0004409570777736769,0.0
100,5000,0.1,1.5,0.0,42,42,0.0002949311488493651,0.0
100,5000,0.1,1.5,0.25,44,46,0.00011656202794950873,0.0
100,5000,0.1,1.5,0.5,43,45,0.0002242326421592375,0.0
100,5000,0.1,1.5,1.0,39,40,0.0004466111660346609,0.0
100,5000,0.1,2.0,0.0,43,43,3.418640242944512e-05,0.0
100,5000,0.1,2.0,0.25,43,44,0.00029647291777926203,0.0
100,5000,0.1,2.0,0.5,39,42,0.0003623483427060181,0.0
100,5000,0.1,2.0,1.0,33,36,0.0008152792758312731,0.0
100,5000,0.1,3.0,0.0,44,44,0.00014336048226743506,0.0
100,5000,0.1,3.0,0.25,42,45,3.991200299506434e-05,0.0
100,5000,0.1,3.0,0.5,36,37,0.00040462547432290244,0.0
100,5000,0.1,3.0,1.0,37,40,0.0002725921647268402,0.0
100,5000,0.2,1.0,0.0,42,43,0.0007781498243268076,0.0
100,5000,0.2,1.0,0.25,40,41,0.0009373323522161825,0.0
100,5000,0.2,1.0,0.5,43,45,0.00022205099875000168,0.0
100,5000,0.2,1.0,1.0,40,41,0.0009311558221114639,0.0
100,5000,0.2,1.5,0.0,42,42,0.0007953914236686406,0.0
100,5000,0.2,1.5,0.25,36,38,0.0007605968702704705,0.0
100,5000,0.2,1.5,0.5,40,40,0.0004409123336511223,0.0
100,5000,0.2,1.5,1.0,44,44,0.00020075859920586406,0.0
100,5000,0.2,2.0,0.0,36,36,0.0037128534838290605,0.0
100,5000,0.2,2.0,0.25,42,42,0.0003431720345828701,0.0
100,5000,0.2,2.0,0.5,43,44,0.0002802627712074815,0.0
100,5000,0.2,2.0,1.0,42,42,0.0002572195598314495,0.0
100,5000,0.2,3.0,0.0,22,24,0.01117466935767238,0.0008615733799040761
100,5000,0.2,3.0,0.25,40,41,0.0015292467534722604,0.0
100,5000,0.2,3.0,0.5,40,41,0.0005691535768192257,0.0
100,5000,0.2,3.0,1.0,38,39,8.464791202387842e-05,0.0
